,accuracy,dog_recall,dog_precision,cat_recall,car_precision,auroc
0,0.9448,0.9656,0.9270353302611367,0.924,0.9641068447412354,0.98782896
1,0.9372,0.9604,0.9178134556574924,0.914,0.9584731543624161,0.98611552
2,0.959,0.9528,0.9647630619684082,0.9652,0.9533781114184117,0.9934433600000001
3,0.9526,0.9744,0.9336910693752396,0.9308,0.97323295692179,0.9927147999999999
4,0.953,0.9728,0.93574451712197,0.9332,0.9716784673052895,0.99220272
combined,0.94932,0.9652,0.9354888733814065,0.93344,0.9640584978930844,0.9894944288
